Id,Label,time
가슴(N),가슴(N),"<[1985,1987];[1989,1991];[1997,1997];[1999,2000];[2002,2011];[2013,2015];[2019,2019];>"
남(P),남(P),"<[1985,1985];[1988,1989];[1994,1999];[2003,2004];[2006,2006];[2012,2012];[2016,2016];>"
작(P),작(P),"<[1985,1985];[1987,1987];[2003,2003];[2007,2007];>"
건강(N),건강(N),"<[1985,1985];>"
좋(P),좋(P),"<[1985,1985];[1988,1988];[1991,1991];[1995,1995];[1997,1998];[2000,2000];[2002,2011];[2013,2019];>"
곁(N),곁(N),"<[1985,1987];[1991,2010];[2012,2013];[2015,2017];[2019,2019];>"
가(P),가(P),"<[1985,1990];[1993,2011];[2013,2016];[2018,2019];>"
떠나가(P),떠나가(P),"<[1985,1987];[1995,1995];[1997,1997];[2003,2003];[2007,2010];>"
곳(N),곳(N),"<[1985,1986];[1988,1990];[1992,1992];[1994,1994];[1996,1996];[1998,2009];[2012,2017];[2019,2019];>"
멀(P),멀(P),"<[1985,1985];[1990,1990];[1995,1996];[1998,1998];[2000,2002];[2007,2007];[2010,2011];>"
길(N),길(N),"<[1985,1986];[1989,1995];[1997,1999];[2001,2003];[2007,2007];[2012,2014];[2018,2019];>"
떠나(P),떠나(P),"<[1985,1987];[1989,1989];[1991,1993];[1997,1998];[2000,2000];[2002,2008];[2011,2015];>"
내일(N),내일(N),"<[1985,1985];[1989,1989];[1992,1992];[2011,2011];[2018,2018];>"
네(N),네(N),"<[1985,1987];[1990,1990];[2007,2007];>"
주(P),주(P),"<[1985,1986];[1990,1990];[1997,1997];[1999,2000];[2005,2008];[2014,2019];>"
눈물(N),눈물(N),"<[1985,1987];[1989,1991];[1993,2016];[2019,2019];>"
젖(P),젖(P),"<[1985,1985];[1992,1992];>"
님(N),님(N),"<[1985,1985];[2003,2003];>"
살펴주(P),살펴주(P),"<[1985,1985];>"
마음(N),마음(N),"<[1985,1992];[1994,1997];[1999,2009];[2012,2013];[2016,2017];[2019,2019];>"
보(P),보(P),"<[1985,1988];[1991,1991];[1993,2019];>"
약하(P),약하(P),"<[1985,1985];[2003,2003];[2007,2007];>"
없(P),없(P),"<[1985,2019];>"
말(N),말(N),"<[1985,2019];>"
하(P),하(P),"<[1985,2019];>"
바람(N),바람(N),"<[1985,1991];[2000,2000];[2006,2006];[2011,2015];[2017,2018];>"
불어오(P),불어오(P),"<[1985,1985];>"
바보(N),바보(N),"<[1985,1985];[1999,1999];[2001,2004];[2006,2010];[2012,2013];[2018,2019];>"
같(P),같(P),"<[1985,1985];[1988,1989];[1995,1997];[1999,1999];[2001,2014];[2016,2019];>"
밤(N),밤(N),"<[1985,1985];[1987,1990];[1992,1993];[2002,2004];[2006,2007];[2010,2014];[2018,2019];>"
어둡(P),어둡(P),"<[1985,1985];[1990,1990];[2005,2005];>"
피(P),피(P),"<[1985,1985];[2005,2005];[2013,2013];[2016,2016];[2018,2019];>"
버선(N),버선(N),"<[1985,1985];>"
벗(P),벗(P),"<[1985,1985];>"
비(N),비(N),"<[1985,1986];[1988,1995];[1997,1998];[2003,2003];[2006,2006];[2008,2012];[2014,2014];[2016,2017];>"
내리(P),내리(P),"<[1985,1986];[1989,1994];[1997,1998];[2003,2003];[2005,2008];[2014,2014];[2016,2017];>"
사람(N),사람(N),"<[1985,1987];[1990,1999];[2001,2019];>"
모르(P),모르(P),"<[1985,1985];[1987,1987];[1989,1989];[1994,1994];[1997,1997];[2000,2001];[2003,2009];[2011,2013];[2015,2019];>"
사랑(N),사랑(N),"<[1985,2019];>"
되(P),되(P),"<[1985,1988];[1990,1990];[1992,1994];[1996,2013];[2015,2019];>"
떨(P),떨(P),"<[1985,1985];[2015,2015];>"
빠지(P),빠지(P),"<[1985,1985];[1997,1998];[2001,2002];[2004,2004];[2014,2014];[2016,2016];>"
알(P),알(P),"<[1985,1985];[1988,1989];[1991,2007];[2009,2014];[2017,2019];>"
어렵(P),어렵(P),"<[1985,1985];>"
있(P),있(P),"<[1985,1989];[1991,2012];[2014,2019];>"
잊(P),잊(P),"<[1985,1987];[1989,1994];[1997,2007];[2009,2009];[2012,2013];>"
외로움(N),외로움(N),"<[1985,1985];[1999,1999];>"
우(N),우(N),"<[1985,1985];[2011,2011];[2013,2013];[2019,2019];>"
이제(N),이제(N),"<[1985,2011];[2013,2013];[2016,2016];[2018,2019];>"
벗어나(P),벗어나(P),"<[1985,1985];>"
잠(N),잠(N),"<[1985,1985];[1988,1988];[1998,1999];[2007,2007];[2012,2018];>"
오(P),오(P),"<[1985,1989];[1991,1992];[1994,1996];[1999,2001];[2003,2013];[2015,2019];>"
지(P),지(P),"<[1985,1985];[1994,1994];[2003,2003];[2009,2009];>"
장미(N),장미(N),"<[1985,1986];>"
조(N),조(N),"<[1985,1985];>"
날(P),날(P),"<[1985,1985];[1987,1987];[1994,1994];[2005,2005];>"
타(N),타(N),"<[1985,1985];>"
편지(N),편지(N),"<[1985,1985];[1989,1989];[1994,1994];[2001,2001];>"
쓰(P),쓰(P),"<[1985,1985];[1989,1990];[1994,1994];[1997,1997];[2001,2003];[2009,2009];>"
하(N),하(N),"<[1985,1985];[1991,1991];[2006,2006];>"
행복(N),행복(N),"<[1985,1985];[1991,1991];[1997,1998];[2000,2008];[2011,2011];[2016,2016];[2019,2019];>"
화분(N),화분(N),"<[1985,1985];[2008,2008];>"
후(N),후(N),"<[1985,1985];[1987,1987];[1992,1993];[2004,2004];[2011,2011];>"
싫(P),싫(P),"<[1985,1985];[1991,1991];[1996,1996];[1998,1999];[2004,2004];[2006,2006];[2008,2008];[2011,2011];[2014,2015];>"
비(P),비(P),"<[1986,1986];[1990,1990];[2009,2009];[2013,2014];>"
깊(P),깊(P),"<[1986,1986];[1994,1994];[1996,1996];[1998,1999];[2002,2002];[2008,2008];[2015,2015];[2019,2019];>"
국화(N),국화(N),"<[1986,1986];>"
타(P),타(P),"<[1986,1987];[2006,2006];[2015,2015];[2018,2018];>"
서(P),서(P),"<[1986,1986];[2000,2000];[2016,2016];>"
나라(N),나라(N),"<[1986,1986];[1988,1988];>"
새파랗(P),새파랗(P),"<[1986,1986];>"
파랗(P),파랗(P),"<[1986,1986];[2000,2000];[2012,2012];>"
날(N),날(N),"<[1986,1990];[1992,1992];[1994,2019];>"
슬프(P),슬프(P),"<[1986,1988];[1990,1995];[2001,2001];[2003,2004];[2009,2009];[2013,2013];>"
눈(N),눈(N),"<[1986,1991];[1994,1996];[1998,2019];>"
흐르(P),흐르(P),"<[1986,1987];[1989,1991];[1995,1999];[2001,2012];[2014,2014];[2016,2017];[2019,2019];>"
흘리(P),흘리(P),"<[1986,1987];[1990,1991];[1993,1997];[1999,2002];[2004,2007];[2009,2010];[2019,2019];>"
눈빛(N),눈빛(N),"<[1986,1986];[1992,1992];[2000,2000];[2008,2008];>"
머물(P),머물(P),"<[1986,1986];>"
때(N),때(N),"<[1986,1986];[1988,1991];[1993,2006];[2008,2018];>"
라디오(N),라디오(N),"<[1986,1986];>"
켜(P),켜(P),"<[1986,1986];>"
크(P),크(P),"<[1986,1986];[2002,2002];[2009,2009];[2014,2014];>"
바다(N),바다(N),"<[1986,1986];[1989,1990];[1997,1997];[1999,1999];[2015,2015];>"
눕(P),눕(P),"<[1986,1986];>"
불(P),불(P),"<[1986,1990];[2000,2000];[2011,2014];[2017,2018];>"
불(N),불(N),"<[1986,1986];[2016,2016];>"
밝히(P),밝히(P),"<[1986,1986];>"
빛(N),빛(N),"<[1986,1986];[2015,2015];[2017,2018];>"
밝(P),밝(P),"<[1986,1986];[1997,1997];[2008,2008];[2019,2019];>"
모이(P),모이(P),"<[1986,1986];[2018,2018];>"
철없(P),철없(P),"<[1986,1986];>"
새(N),새(N),"<[1986,1986];[1989,1989];[1993,1993];>"
간(P),간(P),"<[1986,1986];>"
생각(N),생각(N),"<[1986,1987];[1990,1990];[1992,1993];[1995,1998];[2000,2001];[2003,2003];[2005,2014];[2016,2019];>"
나(P),나(P),"<[1986,1988];[1990,1990];[1993,1993];[1995,2018];>"
세월(N),세월(N),"<[1986,1989];[1991,1991];[1997,1997];[2004,2004];>"
손(N),손(N),"<[1986,1988];[1990,1990];[1992,1992];[1994,1995];[1997,2010];[2012,2016];[2018,2019];>"
잡(P),잡(P),"<[1986,1988];[1992,1992];[1994,1995];[1997,1999];[2001,2001];[2003,2010];[2012,2016];[2018,2019];>"
수요일(N),수요일(N),"<[1986,1986];>"
빨갛(P),빨갛(P),"<[1986,1986];[2014,2014];>"
스(N),스(N),"<[1986,1986];>"
잘(P),잘(P),"<[1986,1986];>"
어둠(N),어둠(N),"<[1986,1986];>"
꾸(P),꾸(P),"<[1986,1987];[1989,1989];[1993,1993];[1997,2000];[2003,2003];[2005,2005];[2009,2009];[2011,2011];[2013,2016];>"
일(N),일(N),"<[1986,1986];[1988,1988];[1993,1993];[1995,1996];[1998,1998];[2000,2001];[2004,2011];[2013,2013];[2015,2016];[2019,2019];>"
좋아하(P),좋아하(P),"<[1986,1986];[2017,2017];[2019,2019];>"
자리(N),자리(N),"<[1986,1986];[2004,2004];>"
하늘(N),하늘(N),"<[1986,1987];[1989,1989];[1994,1994];[1997,1998];[2000,2001];[2003,2005];[2009,2009];[2013,2013];[2015,2016];>"
한마음(N),한마음(N),"<[1986,1986];>"
황혼(N),황혼(N),"<[1986,1986];>"
경아(N),경아(N),"<[1987,1987];>"
돌아오(P),돌아오(P),"<[1987,1987];[1989,1989];[1999,1999];[2003,2003];[2008,2009];>"
기억(N),기억(N),"<[1987,1987];[1990,1990];[1992,1993];[1996,1996];[2003,2003];[2005,2006];[2008,2008];[2014,2014];[2017,2017];>"
꿈(N),꿈(N),"<[1987,1987];[1989,1989];[1993,2000];[2003,2005];[2007,2007];[2009,2009];[2011,2011];[2013,2016];>"
예쁘(P),예쁘(P),"<[1987,1987];[1992,1992];[2008,2008];[2013,2013];[2016,2017];>"
이렇(P),이렇(P),"<[1987,1987];[1992,1993];[1996,1996];[2005,2005];[2008,2010];[2013,2013];[2016,2017];>"
잃어버리(P),잃어버리(P),"<[1987,1987];[2003,2003];>"
찾(P),찾(P),"<[1987,1987];[1991,1992];[1995,1995];[1997,2000];[2004,2004];[2006,2006];[2008,2008];[2011,2011];[2015,2015];>"
내(N),내(N),"<[1987,1987];>"
기다리(P),기다리(P),"<[1987,1987];[1993,1993];[1998,2003];[2005,2005];[2007,2009];[2013,2014];[2019,2019];>"
감(P),감(P),"<[1987,1989];[1991,1991];[1998,2001];[2003,2018];>"
뜨(P),뜨(P),"<[1987,1988];[1994,1995];[1999,2000];[2002,2002];[2004,2005];[2007,2009];[2012,2012];[2014,2016];[2018,2018];>"
마(N),마(N),"<[1987,1987];[1995,1996];[1998,1999];[2001,2002];[2006,2007];[2010,2016];>"
아름답(P),아름답(P),"<[1987,1987];[1989,1991];[1994,1994];[1998,1998];[2002,2002];[2005,2005];[2008,2008];[2010,2010];[2012,2012];[2014,2015];[2019,2019];>"
모습(N),모습(N),"<[1987,1987];[1990,1992];[1994,1998];[2000,2002];[2014,2014];>"
몸살(N),몸살(N),"<[1987,1987];>"
길(P),길(P),"<[1987,1987];[1993,1993];[1999,1999];[2002,2002];[2005,2005];[2007,2007];[2011,2011];[2018,2019];>"
그렇(P),그렇(P),"<[1987,1987];[1999,2001];[2004,2004];[2009,2009];[2019,2019];>"
받(P),받(P),"<[1987,1988];[1994,1995];[2000,2001];[2004,2004];[2006,2006];[2010,2010];[2012,2012];[2014,2014];[2018,2018];>"
흩(P),흩(P),"<[1987,1987];>"
시절(N),시절(N),"<[1987,1987];[1997,1997];>"
어리(P),어리(P),"<[1987,1987];[1997,1997];[2000,2000];[2012,2012];[2015,2015];[2018,2018];>"
지나(P),지나(P),"<[1987,1991];[1994,1994];[1997,1998];[2000,2001];[2005,2005];[2007,2007];[2010,2010];[2012,2012];[2014,2014];[2016,2018];>"
얘기(N),얘기(N),"<[1987,1987];[1990,1990];[1996,1997];[2000,2000];[2003,2003];[2005,2005];[2011,2011];[2013,2013];[2017,2017];>"
어른(N),어른(N),"<[1987,1987];[2016,2016];>"
여인(N),여인(N),"<[1987,1987];>"
영(N),영(N),"<[1987,1987];>"
견디(P),견디(P),"<[1987,1987];>"
오늘(N),오늘(N),"<[1987,1987];[1989,1989];[1992,1992];[1996,1996];[2004,2004];[2007,2007];[2011,2011];[2013,2016];[2018,2019];>"
향하(P),향하(P),"<[1987,1987];[1992,1992];[1996,1997];[2000,2000];[2008,2008];[2011,2011];[2014,2014];[2016,2016];>"
젊음(N),젊음(N),"<[1987,1987];>"
지마라(N),지마라(N),"<[1987,1987];>"
청춘(N),청춘(N),"<[1987,1987];>"
풍선(N),풍선(N),"<[1987,1987];>"
날아가(P),날아가(P),"<[1987,1987];[1989,1989];[1993,1993];>"
노랗(P),노랗(P),"<[1987,1987];>"
현아(N),현아(N),"<[1987,1987];[2014,2014];>"
거리(N),거리(N),"<[1988,1989];[2003,2003];[2006,2006];[2012,2012];>"
낯설(P),낯설(P),"<[1988,1988];[1994,1994];[2017,2017];>"
기쁨(N),기쁨(N),"<[1988,1988];>"
꿈결(N),꿈결(N),"<[1988,1988];>"
그립(P),그립(P),"<[1988,1988];[1994,1994];[2005,2005];[2018,2018];>"
나리(N),나리(N),"<[1988,1988];[2011,2011];>"
모(P),모(P),"<[1988,1989];[1993,1993];[1995,1995];[2000,2000];[2011,2011];>"
만나(P),만나(P),"<[1988,1988];[1992,1992];[1994,1996];[1998,2001];[2004,2007];[2011,2014];[2016,2016];[2018,2019];>"
위하(P),위하(P),"<[1988,1988];[1990,1990];[1993,2002];[2006,2006];[2011,2011];[2018,2018];>"
다디다담(N),다디다담(N),"<[1988,1988];>"
담(P),담(P),"<[1988,1989];[2003,2003];[2006,2007];>"
다디담(N),다디담(N),"<[1988,1988];>"
담다디(N),담다디(N),"<[1988,1988];>"
아쉽(P),아쉽(P),"<[1988,1988];>"
밤하늘(N),밤하늘(N),"<[1988,1988];>"
별(N),별(N),"<[1988,1988];[1993,1993];[2003,2003];[2008,2008];[2012,2012];[2016,2019];>"
그(P),그(P),"<[1988,1988];[1992,1992];[1997,1997];[2001,2003];[2005,2007];[2009,2009];[2013,2014];>"
사랑먼(N),사랑먼(N),"<[1988,1988];>"
수(N),수(N),"<[1988,1988];[2000,2000];[2002,2002];[2013,2013];>"
안개꽃(N),안개꽃(N),"<[1988,1988];>"
남기(P),남기(P),"<[1988,1988];[1992,1992];[1995,1995];[1999,1999];[2004,2004];[2008,2008];[2018,2018];>"
어젯밤(N),어젯밤(N),"<[1988,1988];>"
여(N),여(N),"<[1988,1988];[2008,2008];>"
외롭(P),외롭(P),"<[1988,1988];[1992,1992];[2003,2003];[2010,2010];>"
옛날(N),옛날(N),"<[1988,1988];>"
울(P),울(P),"<[1988,1993];[1998,1998];[2001,2001];[2003,2006];[2010,2012];[2014,2014];[2018,2018];>"
이별(N),이별(N),"<[1988,1988];[1991,1991];[1993,1993];[1995,1995];[1998,1998];[2000,2000];[2002,2002];[2006,2006];[2008,2008];[2012,2012];[2018,2019];>"
들(P),들(P),"<[1988,1989];[1991,1992];[1995,1995];[1997,1999];[2002,2002];[2004,2007];[2009,2016];[2018,2018];>"
전(N),전(N),"<[1988,1988];[2012,2014];>"
줄(N),줄(N),"<[1988,1988];>"
집시(N),집시(N),"<[1988,1988];>"
처음(N),처음(N),"<[1988,1988];[1992,1992];[1994,1996];[1998,2001];[2005,2005];[2013,2013];[2017,2017];[2019,2019];>"
타인(N),타인(N),"<[1988,1988];>"
토요일(N),토요일(N),"<[1988,1988];>"
해(N),해(N),"<[1988,1988];[2013,2014];[2018,2018];>"
뛰(P),뛰(P),"<[1989,1989];[1999,1999];[2006,2006];[2008,2010];[2013,2013];[2015,2015];>"
아프(P),아프(P),"<[1989,1990];[1996,1998];[2000,2016];[2018,2019];>"
가을(N),가을(N),"<[1989,1989];[2001,2001];[2017,2018];>"
흐리(P),흐리(P),"<[1989,1989];[2001,2001];>"
걷(P),걷(P),"<[1989,1990];[2001,2001];[2003,2003];[2006,2008];[2012,2014];>"
겨울(N),겨울(N),"<[1989,1989];[2018,2019];>"
쉬(P),쉬(P),"<[1989,1989];[1992,1993];[1997,2000];[2003,2016];[2019,2019];>"
구름(N),구름(N),"<[1989,1989];>"
흩어지(P),흩어지(P),"<[1989,1989];>"
살(P),살(P),"<[1989,1989];[1992,1993];[1995,1997];[1999,2000];[2003,2003];[2005,2006];[2008,2008];[2011,2012];[2014,2014];>"
꿈들(N),꿈들(N),"<[1989,1989];[2001,2001];>"
잊히(P),잊히(P),"<[1989,1989];[2001,2001];>"
나(N),나(N),"<[1989,1989];[1995,1995];[1997,1997];[2000,2002];[2004,2005];[2007,2007];[2009,2010];[2012,2012];[2015,2016];>"
내맘(N),내맘(N),"<[1989,1989];>"
돌아서(P),돌아서(P),"<[1989,1989];>"
르(P),르(P),"<[1989,1989];[2002,2002];>"
대답(N),대답(N),"<[1989,1989];[2008,2008];[2011,2011];>"
른(N),른(N),"<[1989,1989];[2000,2000];>"
리(N),리(N),"<[1989,1989];[1991,1991];[1993,1993];[2015,2015];>"
따르(P),따르(P),"<[1989,1989];[2009,2010];[2015,2015];>"
바람아(N),바람아(N),"<[1989,1989];>"
멈추(P),멈추(P),"<[1989,1989];[1999,1999];[2008,2009];[2015,2016];[2018,2018];>"
빗물(N),빗물(N),"<[1989,1989];>"
상처(N),상처(N),"<[1989,1989];[1994,1994];[1999,1999];[2001,2001];[2006,2006];[2009,2010];[2012,2012];[2017,2017];>"
젊(P),젊(P),"<[1989,1989];[1997,1997];>"
세상(N),세상(N),"<[1989,1990];[1993,1995];[1997,2003];[2005,2008];[2010,2010];[2012,2012];[2014,2014];[2016,2016];>"
변하(P),변하(P),"<[1989,1989];[1997,1998];[2002,2002];[2004,2004];[2009,2011];>"
흘러가(P),흘러가(P),"<[1989,1989];[2003,2003];>"
속(N),속(N),"<[1989,1991];[1996,1996];[1998,2002];[2004,2005];[2007,2009];[2019,2019];>"
슬픔(N),슬픔(N),"<[1989,1990];[1992,1992];[1994,1994];[2003,2003];[2009,2009];[2012,2012];>"
웃음(N),웃음(N),"<[1989,1989];[1993,1993];[2003,2003];>"
음(N),음(N),"<[1989,1989];[1998,1998];>"
이세상(N),이세상(N),"<[1989,1989];>"
이해(N),이해(N),"<[1989,1989];[1995,1995];[1998,1998];[2016,2016];>"
지마(N),지마(N),"<[1989,1989];[2000,2000];>"
창문(N),창문(N),"<[1989,1989];>"
열(P),열(P),"<[1989,1989];[1996,1996];[2000,2000];[2008,2008];>"
책(N),책(N),"<[1989,1989];>"
접(P),접(P),"<[1989,1989];>"
추억(N),추억(N),"<[1989,1990];[1992,1992];[1994,1994];[2002,2002];[2004,2004];[2006,2006];[2008,2008];[2018,2018];>"
돌이키(P),돌이키(P),"<[1989,1989];[2008,2008];>"
춤(N),춤(N),"<[1989,1989];[1991,1991];[1996,1997];[2004,2004];[2006,2007];[2009,2009];[2011,2011];[2013,2013];[2015,2015];[2017,2017];>"
추(P),추(P),"<[1989,1989];[1991,1991];[1996,1997];[2004,2004];[2006,2007];[2009,2009];[2011,2011];[2013,2013];[2015,2015];[2017,2017];>"
날아보(P),날아보(P),"<[1989,1989];[2000,2000];>"
한숨(N),한숨(N),"<[1989,1989];[2006,2006];>"
호랑나비(N),호랑나비(N),"<[1989,1989];>"
걸(N),걸(N),"<[1990,1990];[1993,1993];[2002,2004];[2011,2011];>"
스치(P),스치(P),"<[1990,1990];>"
귀(N),귀(N),"<[1990,1990];[2009,2009];[2011,2012];>"
기울이(P),기울이(P),"<[1990,1990];[2019,2019];>"
그날(N),그날(N),"<[1990,1991];>"
그리움(N),그리움(N),"<[1990,1991];[2010,2010];>"
쌓이(P),쌓이(P),"<[1990,1991];>"
지우(P),지우(P),"<[1990,1990];[1994,1994];[2002,2002];[2014,2014];>"
나나나나(N),나나나나(N),"<[1990,1990];>"
내일얘기(N),내일얘기(N),"<[1990,1990];>"
바라보(P),바라보(P),"<[1990,1990];[2008,2009];[2011,2011];>"
도네(N),도네(N),"<[1990,1990];[2011,2011];>"
돌아가네(P),돌아가네(P),"<[1990,1990];>"
그리(P),그리(P),"<[1990,1990];>"
수줍(P),수줍(P),"<[1990,1990];>"
맘(N),맘(N),"<[1990,1991];[1995,1995];[1997,1997];[1999,1999];[2001,2018];>"
모두(N),모두(N),"<[1990,1990];[1996,1996];[2004,2004];>"
사라지(P),사라지(P),"<[1990,1990];>"
미련(N),미련(N),"<[1990,1990];>"
미싱(N),미싱(N),"<[1990,1990];>"
볼(N),볼(N),"<[1990,1990];[1994,1994];>"
맞(P),맞(P),"<[1990,1990];[2017,2017];>"
많(P),많(P),"<[1990,1990];[1992,1992];[1994,2000];[2003,2005];[2007,2007];[2014,2014];[2019,2019];>"
얄밉(P),얄밉(P),"<[1990,1990];>"
지(N),지(N),"<[1990,1990];[1994,1994];[1996,1996];[2006,2006];[2008,2008];[2010,2010];[2017,2017];>"
지울수(N),지울수(N),"<[1990,1990];>"
착각(N),착각(N),"<[1990,1990];>"
지나치(P),지나치(P),"<[1990,1990];>"
한(N),한(N),"<[1990,1990];>"
노래(N),노래(N),"<[1991,1993];[2004,2005];[2008,2012];[2014,2015];[2017,2017];[2019,2019];>"
데(N),데(N),"<[1991,1991];>"
느끼(P),느끼(P),"<[1991,1996];[1998,1998];[2000,2000];>"
바라(P),바라(P),"<[1991,1991];[2003,2003];>"
미(N),미(N),"<[1991,1991];>"
두(P),두(P),"<[1991,1991];[1993,1993];[2009,2009];[2017,2017];>"
미니스커트(N),미니스커트(N),"<[1991,1991];>"
짧(P),짧(P),"<[1991,1991];[2013,2014];>"
삐(N),삐(N),"<[1991,1991];>"
돌(P),돌(P),"<[1991,1991];[2002,2003];[2011,2011];>"
시(N),시(N),"<[1991,1991];>"
아(N),아(N),"<[1991,1991];[1999,1999];[2006,2006];>"
돌리(P),돌리(P),"<[1991,1991];[2011,2011];>"
앞(N),앞(N),"<[1991,1991];[1993,1993];[1997,1998];[2000,2000];[2011,2011];[2016,2016];>"
에로(N),에로(N),"<[1991,1991];>"
영화(N),영화(N),"<[1991,1991];[2012,2012];>"
이밤(N),이밤(N),"<[1991,1991];[2001,2001];>"
헤어지(P),헤어지(P),"<[1991,1991];[2009,2010];>"
그대(P),그대(P),"<[1991,1991];[2005,2005];[2016,2016];>"
보내(P),보내(P),"<[1991,1991];[2003,2003];[2007,2007];[2012,2013];>"
혼자(N),혼자(N),"<[1991,1991];[1994,1996];[1998,1998];[2006,2006];[2008,2008];[2010,2011];[2014,2016];[2018,2018];>"
가지(N),가지(N),"<[1992,1992];>"
걱정(N),걱정(N),"<[1992,1992];[1998,1998];[2000,2000];[2010,2010];[2015,2016];>"
과거(N),과거(N),"<[1992,1992];>"
꽃모자(N),꽃모자(N),"<[1992,1992];>"
듣(P),듣(P),"<[1992,1992];[2005,2006];[2009,2014];[2017,2017];>"
라(N),라(N),"<[1992,1993];[2002,2002];[2005,2005];[2009,2009];[2011,2012];[2014,2014];[2018,2018];>"
사(P),사(P),"<[1992,1992];[1999,1999];>"
다가오(P),다가오(P),"<[1992,1992];[1998,1998];>"
목소리(N),목소리(N),"<[1992,1992];[2009,2009];[2012,2012];>"
미소(N),미소(N),"<[1992,1992];[1998,1998];[2001,2001];[2008,2008];[2014,2014];>"
짓(P),짓(P),"<[1992,1993];[2003,2003];>"
차갑(P),차갑(P),"<[1992,1992];[2013,2014];>"
숨(N),숨(N),"<[1992,1993];[1997,2000];[2003,2016];[2019,2019];>"
시간(N),시간(N),"<[1992,1993];[1995,1995];[1997,2000];[2002,2005];[2007,2010];[2012,2018];>"
아픔(N),아픔(N),"<[1992,1992];[1994,1994];[1998,1998];[2009,2009];>"
오(N),오(N),"<[1992,1992];[2003,2003];[2009,2011];[2014,2015];>"
눈감(P),눈감(P),"<[1992,1992];>"
차(P),차(P),"<[1992,1992];[2011,2011];[2019,2019];>"
일기(N),일기(N),"<[1992,1992];>"
힘들(P),힘들(P),"<[1992,1993];[1998,1998];[2001,2001];[2005,2005];[2012,2012];>"
필요(N),필요(N),"<[1992,1993];[1995,2001];[2003,2003];[2005,2005];[2007,2007];[2009,2010];[2014,2014];[2016,2016];[2018,2019];>"
하루(N),하루(N),"<[1992,1992];[1996,1996];[2000,2001];[2005,2007];[2009,2009];[2012,2014];[2017,2017];[2019,2019];>"
지나가(P),지나가(P),"<[1992,1992];[1998,1998];>"
잠들(P),잠들(P),"<[1992,1992];>"
힘(N),힘(N),"<[1992,1992];[1995,1999];[2002,2002];[2004,2006];[2011,2011];[2013,2013];[2018,2018];>"
기분(N),기분(N),"<[1993,1993];[2004,2005];[2007,2008];[2016,2016];[2018,2018];>"
느낌(N),느낌(N),"<[1993,1993];[1995,1995];[2013,2013];[2015,2015];[2017,2017];>"
두근(N),두근(N),"<[1993,1993];>"
디(N),디(N),"<[1993,1993];>"
디러(P),디러(P),"<[1993,1993];>"
디러(N),디러(N),"<[1993,1993];>"
러(P),러(P),"<[1993,1993];>"
디리(N),디리(N),"<[1993,1993];>"
랄(P),랄(P),"<[1993,1993];[2005,2005];[2011,2012];[2014,2014];[2018,2018];>"
라라라라(N),라라라라(N),"<[1993,1993];>"
리지(N),리지(N),"<[1993,1993];>"
반짝이(P),반짝이(P),"<[1993,1993];>"
가르치(P),가르치(P),"<[1993,1993];>"
버리(P),버리(P),"<[1993,1993];[1999,1999];[2003,2005];[2018,2018];>"
보이(P),보이(P),"<[1993,1993];[1997,1998];[2000,2001];[2004,2004];[2006,2006];[2008,2008];[2012,2017];>"
부르(P),부르(P),"<[1993,1993];[1995,1996];[1998,1998];[2004,2004];[2006,2012];[2014,2014];[2017,2017];[2019,2019];>"
싫증나(P),싫증나(P),"<[1993,1993];>"
길들(P),길들(P),"<[1993,1993];>"
이(P),이(P),"<[1993,1993];[2002,2002];[2014,2014];>"
시작(N),시작(N),"<[1993,1993];[1995,1995];[1998,1998];[2011,2011];>"
알수(N),알수(N),"<[1993,1993];>"
어제(N),어제(N),"<[1993,1993];>"
요지경(N),요지경(N),"<[1993,1993];>"
의미(N),의미(N),"<[1993,1993];[1997,1997];[2013,2013];[2015,2015];[2017,2017];>"
그러(P),그러(P),"<[1993,1994];[1996,1996];[2004,2004];[2006,2006];[2008,2009];>"
짐(N),짐(N),"<[1993,1993];>"
친구(N),친구(N),"<[1993,1995];[2002,2002];[2004,2004];>"
표정(N),표정(N),"<[1993,1993];>"
헤야(N),헤야(N),"<[1993,1993];>"
헤이(N),헤이(N),"<[1993,1993];>"
홈(N),홈(N),"<[1993,1993];>"
홈마(N),홈마(N),"<[1993,1993];>"
후회(N),후회(N),"<[1993,1993];[1996,1996];[2001,2001];[2004,2004];[2008,2008];[2010,2010];[2018,2018];>"
거절(N),거절(N),"<[1994,1994];>"
고민(N),고민(N),"<[1994,1994];>"
감추(P),감추(P),"<[1994,1994];[2002,2002];[2015,2015];>"
능력(N),능력(N),"<[1994,1994];>"
달(N),달(N),"<[1994,1994];[2013,2013];>"
닮(P),닮(P),"<[1994,1994];[1998,1998];[2012,2012];>"
비밀(N),비밀(N),"<[1994,1994];>"
서로(N),서로(N),"<[1994,1994];[2019,2019];>"
만들(P),만들(P),"<[1994,1994];[1998,1998];>"
쉽(P),쉽(P),"<[1994,1994];[2007,2009];[2011,2011];>"
영원(N),영원(N),"<[1994,1994];[1999,1999];[2004,2004];>"
이상(N),이상(N),"<[1994,1994];[1998,1999];[2001,2002];[2004,2005];[2012,2013];[2015,2015];>"
원하(P),원하(P),"<[1994,1994];[1998,1999];[2002,2003];[2008,2009];[2012,2012];[2018,2018];>"
전화(N),전화(N),"<[1994,1994];>"
걸(P),걸(P),"<[1994,1994];[2008,2008];[2015,2015];>"
주저(N),주저(N),"<[1994,1994];>"
탐(N),탐(N),"<[1994,1994];[2011,2011];>"
이쁘(P),이쁘(P),"<[1994,1994];[2010,2011];>"
할래(N),할래(N),"<[1994,1994];>"
결혼(N),결혼(N),"<[1995,1995];[2003,2003];>"
그때(N),그때(N),"<[1995,1995];[1997,1997];[2001,2001];[2010,2010];[2012,2012];[2014,2014];[2016,2016];[2018,2019];>"
기(N),기(N),"<[1995,1995];>"
가막히(P),가막히(P),"<[1995,1995];>"
가지(P),가지(P),"<[1995,1995];[2001,2001];[2007,2007];>"
나나나(P),나나나(P),"<[1995,1995];[1997,1997];[2000,2000];[2002,2002];[2010,2010];>"
꾸미(P),꾸미(P),"<[1995,1995];>"
사바(N),사바(N),"<[1995,1995];>"
살면(N),살면(N),"<[1995,1995];>"
내밀(P),내밀(P),"<[1995,1995];[2008,2008];>"
오오(N),오오(N),"<[1995,1995];[2003,2003];>"
위(N),위(N),"<[1995,1995];[2016,2016];>"
이름(N),이름(N),"<[1995,1996];[2005,2007];[2009,2009];[2011,2011];>"
천사(N),천사(N),"<[1995,1995];>"
흥보(N),흥보(N),"<[1995,1995];>"
꿍따리(N),꿍따리(N),"<[1996,1996];>"
빠빠빠(P),빠빠빠(P),"<[1996,1996];>"
끝(N),끝(N),"<[1996,1996];[1999,2000];[2003,2004];[2008,2008];[2011,2012];[2018,2018];>"
씌(P),씌(P),"<[1996,1996];>"
하얗(P),하얗(P),"<[1996,1996];>"
동안(N),동안(N),"<[1996,1996];>"
마음속(N),마음속(N),"<[1996,1996];>"
머리위(N),머리위(N),"<[1996,1996];>"
날아오(P),날아오(P),"<[1996,1996];>"
문(N),문(N),"<[1996,1996];[2008,2009];>"
미안(N),미안(N),"<[1996,1999];[2008,2008];[2014,2014];>"
밖(N),밖(N),"<[1996,1996];[1999,1999];>"
번(N),번(N),"<[1996,1996];[2009,2009];>"
붐(N),붐(N),"<[1996,1996];>"
치(P),치(P),"<[1996,1996];[2010,2010];[2014,2014];>"
샤바라(N),샤바라(N),"<[1996,1996];>"
신(N),신(N),"<[1996,1996];[2002,2002];[2004,2004];[2006,2006];[2008,2008];>"
아침(N),아침(N),"<[1996,1996];[1998,1998];[2016,2017];>"
예(N),예(N),"<[1996,1996];[2010,2010];[2013,2013];>"
용서(N),용서(N),"<[1996,1996];[2003,2003];>"
인생(N),인생(N),"<[1996,1996];[2002,2002];>"
책임지(P),책임지(P),"<[1996,1996];[2010,2010];>"
자신(N),자신(N),"<[1996,1999];[2001,2005];[2007,2009];[2012,2012];[2016,2016];[2019,2019];>"
잘못(N),잘못(N),"<[1996,1996];>"
제길(N),제길(N),"<[1996,1996];>"
키(N),키(N),"<[1996,1996];[2007,2007];>"
간직(N),간직(N),"<[1997,1997];>"
렇(P),렇(P),"<[1997,1997];[2014,2014];>"
막(P),막(P),"<[1997,1997];[2001,2001];[2006,2006];[2009,2009];[2011,2011];>"
나나(P),나나(P),"<[1997,1997];[2000,2000];[2004,2005];[2009,2010];[2016,2016];>"
말(P),말(P),"<[1997,1997];[2008,2008];[2011,2011];[2014,2015];>"
날개(N),날개(N),"<[1997,1997];>"
뒤(N),뒤(N),"<[1997,1997];>"
라면(N),라면(N),"<[1997,1997];>"
험하(P),험하(P),"<[1997,1997];>"
반한(N),반한(N),"<[1997,1997];>"
산(N),산(N),"<[1997,1997];>"
순(N),순(N),"<[1997,1997];>"
신경(N),신경(N),"<[1997,1997];>"
아무것(N),아무것(N),"<[1997,1997];[2000,2002];[2012,2012];[2014,2016];>"
튕기(P),튕기(P),"<[1997,1997];>"
얼마(N),얼마(N),"<[1997,1997];>"
옆(N),옆(N),"<[1997,1997];[2015,2015];[2018,2019];>"
참깨(N),참깨(N),"<[1997,1997];>"
열리(P),열리(P),"<[1997,1997];>"
태양아래(N),태양아래(N),"<[1997,1997];>"
폼(N),폼(N),"<[1997,1997];[1999,1999];>"
죽(P),죽(P),"<[1997,1997];[1999,2000];[2004,2004];[2006,2006];[2008,2008];[2011,2011];>"
품(N),품(N),"<[1997,1998];[2002,2002];[2006,2006];[2008,2008];[2012,2012];>"
안기(P),안기(P),"<[1997,1998];[2006,2006];[2012,2012];>"
고개(N),고개(N),"<[1998,1998];>"
꽃(N),꽃(N),"<[1998,1998];[2005,2005];[2013,2014];[2016,2016];[2018,2019];>"
일으키(P),일으키(P),"<[1998,1998];>"
웃(P),웃(P),"<[1998,1998];[2002,2002];[2006,2006];[2010,2012];[2014,2015];[2019,2019];>"
떠(P),떠(P),"<[1998,1998];>"
지치(P),지치(P),"<[1998,1998];[2008,2008];[2011,2011];>"
리듬(N),리듬(N),"<[1998,1998];>"
맞추(P),맞추(P),"<[1998,1998];[2005,2005];[2008,2009];[2015,2015];[2017,2017];[2019,2019];>"
즐겁(P),즐겁(P),"<[1998,1998];>"
흥겹(P),흥겹(P),"<[1998,1998];>"
몸(N),몸(N),"<[1998,1998];[2002,2002];[2009,2009];[2014,2014];>"
날리(P),날리(P),"<[1998,1998];[2008,2008];>"
무릎(N),무릎(N),"<[1998,1998];>"
꿇(P),꿇(P),"<[1998,1998];>"
괜찮(P),괜찮(P),"<[1998,1998];[2011,2011];[2019,2019];>"
아끼(P),아끼(P),"<[1998,1998];>"
순간(N),순간(N),"<[1998,1998];[2003,2003];[2010,2012];[2016,2016];>"
새롭(P),새롭(P),"<[1998,1998];[2017,2017];>"
빛나(P),빛나(P),"<[1998,1998];[2009,2010];[2012,2012];[2018,2019];>"
물들(P),물들(P),"<[1998,1998];>"
안(N),안(N),"<[1998,1998];[2000,2000];[2003,2004];[2015,2015];[2018,2019];>"
살아남(P),살아남(P),"<[1998,1998];>"
예예예예(N),예예예예(N),"<[1998,1998];>"
태양(N),태양(N),"<[1998,1998];[2003,2003];[2011,2011];>"
검(P),검(P),"<[1998,1998];[2010,2010];>"
훗날(N),훗날(N),"<[1998,1998];[2001,2001];[2011,2011];>"
기도(N),기도(N),"<[1999,1999];>"
나이(N),나이(N),"<[1999,1999];>"
먹(P),먹(P),"<[1999,1999];[2009,2010];[2012,2013];[2017,2017];>"
푸(P),푸(P),"<[1999,1999];>"
니(N),니(N),"<[1999,1999];>"
마지막(N),마지막(N),"<[1999,1999];[2007,2007];[2016,2016];[2018,2018];>"
머(N),머(N),"<[1999,1999];>"
먹(N),먹(N),"<[1999,1999];>"
미워하(P),미워하(P),"<[1999,1999];>"
푸르(P),푸르(P),"<[1999,1999];[2015,2015];>"
빠밤(N),빠밤(N),"<[1999,1999];>"
빠(P),빠(P),"<[1999,1999];[2016,2016];>"
빠쁘(P),빠쁘(P),"<[1999,1999];>"
사(N),사(N),"<[1999,1999];[2015,2015];>"
끝나(P),끝나(P),"<[1999,1999];[2003,2003];[2006,2006];[2008,2008];[2014,2014];>"
믿(P),믿(P),"<[1999,1999];[2003,2007];[2009,2010];>"
넓(P),넓(P),"<[1999,1999];>"
살아가(P),살아가(P),"<[1999,1999];[2009,2009];>"
워워워워(P),워워워워(P),"<[1999,1999];>"
인(P),인(P),"<[1999,1999];>"
야(N),야(N),"<[1999,1999];[2015,2015];[2018,2018];>"
윈(N),윈(N),"<[1999,1999];>"
이(N),이(N),"<[1999,1999];[2006,2006];[2013,2013];>"
망설이(P),망설이(P),"<[1999,1999];>"
이야아(N),이야아(N),"<[1999,1999];>"
인걸(N),인걸(N),"<[1999,1999];>"
인아(N),인아(N),"<[1999,1999];>"
적(N),적(N),"<[1999,1999];>"
진짜(N),진짜(N),"<[1999,1999];[2012,2012];[2015,2015];>"
가라(N),가라(N),"<[2000,2000];>"
갇히(P),갇히(P),"<[2000,2000];[2008,2008];>"
거짓(N),거짓(N),"<[2000,2000];>"
바꾸(P),바꾸(P),"<[2000,2000];>"
그동안(N),그동안(N),"<[2000,2000];>"
빼앗기(P),빼앗기(P),"<[2000,2000];>"
안(P),안(P),"<[2000,2000];[2008,2008];[2010,2010];[2013,2013];>"
낼(N),낼(N),"<[2000,2000];>"
미래(N),미래(N),"<[2000,2000];[2002,2002];[2010,2010];>"
사랑안(N),사랑안(N),"<[2000,2000];>"
놓(P),놓(P),"<[2000,2000];>"
앗(P),앗(P),"<[2000,2000];>"
영혼(N),영혼(N),"<[2000,2000];>"
예감(N),예감(N),"<[2000,2000];[2004,2004];>"
울트라(N),울트라(N),"<[2000,2000];>"
매(P),매(P),"<[2000,2000];>"
조금(N),조금(N),"<[2000,2000];[2010,2011];>"
다가가(P),다가가(P),"<[2000,2000];[2002,2002];>"
주먹(N),주먹(N),"<[2000,2000];[2003,2003];>"
지르(P),지르(P),"<[2000,2000];[2002,2002];[2005,2005];[2011,2011];[2018,2018];>"
태어나(P),태어나(P),"<[2000,2001];[2009,2009];>"
그녈(N),그녈(N),"<[2001,2001];>"
마(P),마(P),"<[2001,2001];>"
다짐(N),다짐(N),"<[2001,2001];[2007,2008];>"
래(N),래(N),"<[2001,2001];[2005,2005];[2013,2013];>"
래(P),래(P),"<[2001,2001];>"
바(N),바(N),"<[2001,2001];[2008,2008];>"
따(P),따(P),"<[2001,2001];>"
바래(N),바래(N),"<[2001,2001];>"
삐용(N),삐용(N),"<[2001,2001];>"
고맙(P),고맙(P),"<[2001,2001];[2004,2004];[2008,2008];>"
미치(P),미치(P),"<[2001,2002];[2007,2008];[2010,2010];[2012,2012];[2015,2016];>"
술(N),술(N),"<[2001,2001];[2004,2004];[2006,2007];[2010,2010];[2016,2016];>"
취하(P),취하(P),"<[2001,2001];[2004,2004];[2006,2007];>"
여자(N),여자(N),"<[2001,2001];[2003,2004];[2006,2006];[2009,2009];[2013,2013];[2017,2017];>"
짜증(N),짜증(N),"<[2001,2001];>"
내(P),내(P),"<[2001,2002];[2011,2011];>"
화(N),화(N),"<[2001,2001];[2011,2011];>"
환상(N),환상(N),"<[2001,2001];>"
힙합(N),힙합(N),"<[2001,2001];>"
비켜(P),비켜(P),"<[2002,2002];>"
비키(P),비키(P),"<[2002,2002];>"
난(N),난(N),"<[2002,2002];[2004,2005];>"
대(P),대(P),"<[2002,2002];[2008,2008];[2010,2010];>"
남자(N),남자(N),"<[2002,2002];[2004,2004];[2009,2013];>"
나쁘(P),나쁘(P),"<[2002,2002];[2008,2009];[2011,2013];>"
니맘(N),니맘(N),"<[2002,2002];>"
훔치(P),훔치(P),"<[2002,2002];[2013,2013];>"
다(N),다(N),"<[2002,2002];[2015,2015];>"
달나라(N),달나라(N),"<[2002,2002];>"
꿈꾸(P),꿈꾸(P),"<[2002,2002];[2004,2004];>"
도시(N),도시(N),"<[2002,2002];>"
비추(P),비추(P),"<[2002,2002];[2013,2013];>"
따(N),따(N),"<[2002,2002];>"
바르(P),바르(P),"<[2002,2002];>"
광내(P),광내(P),"<[2002,2002];>"
빼(P),빼(P),"<[2002,2002];>"
따따(P),따따(P),"<[2002,2002];>"
매력(N),매력(N),"<[2002,2002];[2008,2008];[2013,2013];>"
머리(N),머리(N),"<[2002,2002];[2013,2013];[2019,2019];>"
멋(N),멋(N),"<[2002,2002];[2010,2010];[2019,2019];>"
나가(P),나가(P),"<[2002,2003];[2010,2010];[2014,2015];>"
모(N),모(N),"<[2002,2002];>"
귀엽(P),귀엽(P),"<[2002,2002];>"
감싸(P),감싸(P),"<[2002,2002];>"
물레(N),물레(N),"<[2002,2002];>"
둥글(P),둥글(P),"<[2002,2002];>"
바닷가(N),바닷가(N),"<[2002,2002];>"
발(N),발(N),"<[2002,2002];[2014,2014];>"
수많(P),수많(P),"<[2002,2002];[2012,2012];[2018,2018];>"
찾아가(P),찾아가(P),"<[2002,2002];>"
택하(P),택하(P),"<[2002,2002];>"
소리(N),소리(N),"<[2002,2002];[2005,2005];[2011,2011];[2018,2018];>"
흔들(P),흔들(P),"<[2002,2002];[2010,2012];[2014,2014];[2018,2018];>"
시련(N),시련(N),"<[2002,2002];>"
신사(N),신사(N),"<[2002,2002];>"
애(N),애(N),"<[2002,2003];[2009,2009];[2015,2015];[2019,2019];>"
애인(N),애인(N),"<[2002,2002];>"
왕년(N),왕년(N),"<[2002,2002];>"
용기(N),용기(N),"<[2002,2002];>"
우정(N),우정(N),"<[2002,2002];>"
원(N),원(N),"<[2002,2003];[2008,2008];[2017,2017];>"
음악(N),음악(N),"<[2002,2002];>"
즐기(P),즐기(P),"<[2002,2002];>"
입술(N),입술(N),"<[2002,2002];[2008,2008];[2011,2011];>"
지금(N),지금(N),"<[2002,2002];[2012,2012];>"
챔피언(N),챔피언(N),"<[2002,2002];>"
코(N),코(N),"<[2002,2002];>"
다치(P),다치(P),"<[2002,2002];[2009,2009];>"
한계(N),한계(N),"<[2002,2002];>"
뛰어넘(P),뛰어넘(P),"<[2002,2002];>"
감옥(N),감옥(N),"<[2003,2003];>"
게(N),게(N),"<[2003,2003];>"
잃(P),잃(P),"<[2003,2003];[2007,2007];[2009,2009];>"
지키(P),지키(P),"<[2003,2003];[2007,2007];[2014,2014];>"
남자기(N),남자기(N),"<[2003,2003];>"
덤(N),덤(N),"<[2003,2003];>"
덤(P),덤(P),"<[2003,2003];>"
동네(N),동네(N),"<[2003,2003];>"
역겹(P),역겹(P),"<[2003,2003];>"
만(N),만(N),"<[2003,2003];>"
뜨겁(P),뜨겁(P),"<[2003,2004];[2011,2012];>"
가두(P),가두(P),"<[2003,2003];[2009,2009];>"
소망(N),소망(N),"<[2003,2003];>"
얼굴(N),얼굴(N),"<[2003,2003];[2008,2008];[2010,2011];[2013,2013];[2017,2017];>"
기막(P),기막(P),"<[2003,2003];>"
붉히(P),붉히(P),"<[2003,2003];>"
히(P),히(P),"<[2003,2003];>"
달(P),달(P),"<[2003,2003];[2013,2013];>"
돌아와(P),돌아와(P),"<[2003,2003];>"
끝(P),끝(P),"<[2003,2003];>"
재미(N),재미(N),"<[2003,2003];>"
전부(N),전부(N),"<[2003,2003];[2019,2019];>"
주(N),주(N),"<[2003,2003];[2011,2011];>"
쥐(P),쥐(P),"<[2003,2003];>"
치키(N),치키(N),"<[2003,2003];>"
날아오르(P),날아오르(P),"<[2003,2003];>"
햇님(N),햇님(N),"<[2003,2003];>"
희망(N),희망(N),"<[2003,2003];>"
건(N),건(N),"<[2004,2004];>"
누(P),누(P),"<[2004,2004];>"
내속(N),내속(N),"<[2004,2004];>"
전하(P),전하(P),"<[2004,2004];>"
밑(N),밑(N),"<[2004,2004];>"
놀리(P),놀리(P),"<[2004,2004];>"
밥(N),밥(N),"<[2004,2004];[2009,2010];[2012,2012];>"
부르세(N),부르세(N),"<[2004,2004];>"
갖(P),갖(P),"<[2004,2004];[2009,2009];>"
막히(P),막히(P),"<[2004,2004];[2009,2011];>"
이마음(N),이마음(N),"<[2004,2004];>"
정신(N),정신(N),"<[2004,2004];[2010,2010];[2015,2015];>"
차리(P),차리(P),"<[2004,2004];[2015,2015];>"
걸음(N),걸음(N),"<[2005,2005];[2008,2008];[2010,2010];>"
꼬마아이(N),꼬마아이(N),"<[2005,2005];>"
난난나(N),난난나(N),"<[2005,2005];>"
대신(N),대신(N),"<[2005,2005];[2009,2009];>"
끝내(P),끝내(P),"<[2005,2005];[2019,2019];>"
높(P),높(P),"<[2005,2006];>"
못나(P),못나(P),"<[2005,2006];>"
소릴(N),소릴(N),"<[2005,2005];>"
높이(P),높이(P),"<[2005,2005];[2011,2012];>"
슈퍼맨(N),슈퍼맨(N),"<[2005,2005];>"
버티(P),버티(P),"<[2005,2005];[2007,2007];>"
싸우(P),싸우(P),"<[2005,2005];>"
입(N),입(N),"<[2005,2006];[2008,2009];[2015,2015];[2017,2017];>"
묻(P),묻(P),"<[2006,2006];[2010,2010];[2015,2015];>"
가슴아(N),가슴아(N),"<[2006,2006];>"
겁(N),겁(N),"<[2006,2006];[2008,2008];[2015,2016];>"
이끌(P),이끌(P),"<[2006,2006];>"
구두(N),구두(N),"<[2006,2006];>"
신(P),신(P),"<[2006,2006];>"
내사(N),내사(N),"<[2006,2006];>"
대이(P),대이(P),"<[2006,2006];>"
가리(P),가리(P),"<[2006,2006];[2019,2019];>"
마이야(N),마이야(N),"<[2006,2006];>"
부탁(N),부탁(N),"<[2006,2006];>"
적(P),적(P),"<[2006,2006];>"
비행기(N),비행기(N),"<[2006,2006];>"
다주(P),다주(P),"<[2006,2006];>"
어떡하(P),어떡하(P),"<[2006,2006];[2008,2008];>"
프(P),프(P),"<[2006,2006];>"
아려(N),아려(N),"<[2006,2006];>"
연예인(N),연예인(N),"<[2006,2006];>"
을(N),을(N),"<[2006,2006];[2008,2008];>"
우(P),우(P),"<[2006,2006];>"
호(N),호(N),"<[2006,2006];[2013,2013];>"
화장(N),화장(N),"<[2006,2006];[2014,2014];>"
어쩌(P),어쩌(P),"<[2007,2007];[2013,2013];[2016,2016];>"
거짓말(N),거짓말(N),"<[2007,2007];[2009,2010];>"
헛되(P),헛되(P),"<[2007,2007];>"
널(N),널(N),"<[2007,2007];>"
닦(P),닦(P),"<[2007,2007];>"
단(N),단(N),"<[2007,2007];>"
독(N),독(N),"<[2007,2007];>"
돈(N),돈(N),"<[2007,2007];[2011,2012];[2014,2015];>"
만질수(N),만질수(N),"<[2007,2007];>"
말할(N),말할(N),"<[2007,2007];>"
반복(N),반복(N),"<[2007,2007];>"
방울(N),방울(N),"<[2007,2007];>"
약속(N),약속(N),"<[2007,2007];[2014,2014];>"
죄(N),죄(N),"<[2007,2007];>"
인하(P),인하(P),"<[2007,2007];>"
구원(N),구원(N),"<[2008,2008];>"
너(P),너(P),"<[2008,2008];[2018,2018];>"
귀순(N),귀순(N),"<[2008,2008];>"
네(P),네(P),"<[2008,2008];>"
노을(N),노을(N),"<[2008,2008];>"
붉(P),붉(P),"<[2008,2008];[2010,2010];>"
누나(N),누나(N),"<[2008,2008];>"
부시(P),부시(P),"<[2008,2009];>"
참(P),참(P),"<[2008,2008];[2011,2011];>"
다리(N),다리(N),"<[2008,2008];[2015,2015];>"
멋지(P),멋지(P),"<[2008,2009];>"
당장(N),당장(N),"<[2008,2008];>"
숨기(P),숨기(P),"<[2008,2008];>"
채우(P),채우(P),"<[2008,2008];[2013,2013];>"
머릿결(N),머릿결(N),"<[2008,2008];>"
착하(P),착하(P),"<[2008,2008];>"
밉(P),밉(P),"<[2008,2008];>"
산소(N),산소(N),"<[2008,2008];>"
뒤지(P),뒤지(P),"<[2008,2008];>"
심장(N),심장(N),"<[2008,2010];[2012,2012];>"
맛있(P),맛있(P),"<[2008,2008];>"
햇살(N),햇살(N),"<[2008,2008];[2012,2012];>"
시(P),시(P),"<[2009,2009];>"
찢어지(P),찢어지(P),"<[2009,2009];>"
고(N),고(N),"<[2009,2009];>"
고(P),고(P),"<[2009,2009];>"
보이나(P),보이나(P),"<[2009,2009];>"
녹이(P),녹이(P),"<[2009,2009];>"
부드럽(P),부드럽(P),"<[2009,2009];>"
냉면(N),냉면(N),"<[2009,2009];>"
떨리(P),떨리(P),"<[2009,2009];>"
찔기(P),찔기(P),"<[2009,2009];>"
너(N),너(N),"<[2009,2009];[2016,2016];[2018,2018];>"
대(N),대(N),"<[2009,2009];>"
등(N),등(N),"<[2009,2009];>"
갈라지(P),갈라지(P),"<[2009,2009];>"
터지(P),터지(P),"<[2009,2009];>"
신나(P),신나(P),"<[2009,2009];>"
마법(N),마법(N),"<[2009,2009];>"
설레이(P),설레이(P),"<[2009,2009];>"
모자라(P),모자라(P),"<[2009,2009];[2013,2013];>"
닫(P),닫(P),"<[2009,2009];>"
부(N),부(N),"<[2009,2009];>"
외톨이(N),외톨이(N),"<[2009,2009];>"
은(N),은(N),"<[2009,2009];>"
차(N),차(N),"<[2009,2009];[2015,2015];>"
맴돌(P),맴돌(P),"<[2010,2010];[2017,2017];>"
괴로움(N),괴로움(N),"<[2010,2010];>"
사무치(P),사무치(P),"<[2010,2010];>"
파묻히(P),파묻히(P),"<[2010,2010];>"
나땜(N),나땜(N),"<[2010,2010];>"
때(P),때(P),"<[2010,2010];>"
남(N),남(N),"<[2010,2012];[2017,2017];[2019,2019];>"
자(P),자(P),"<[2010,2010];[2017,2017];>"
헤프(P),헤프(P),"<[2010,2010];>"
흔하(P),흔하(P),"<[2010,2010];[2014,2014];[2018,2019];>"
달빛(N),달빛(N),"<[2010,2010];>"
알아주(P),알아주(P),"<[2010,2010];>"
웃기(P),웃기(P),"<[2010,2010];>"
멍(N),멍(N),"<[2010,2010];>"
때리(P),때리(P),"<[2010,2010];>"
몸매(N),몸매(N),"<[2010,2010];>"
물(N),물(N),"<[2010,2010];>"
묶이(P),묶이(P),"<[2010,2010];>"
박수(N),박수(N),"<[2010,2010];>"
방(N),방(N),"<[2010,2010];[2014,2014];>"
별빛(N),별빛(N),"<[2010,2010];[2019,2019];>"
빠빠(N),빠빠(N),"<[2010,2010];>"
빼리(P),빼리(P),"<[2010,2010];>"
삐오(N),삐오(N),"<[2010,2010];>"
마시(P),마시(P),"<[2010,2010];[2016,2016];>"
아틸리싸이(N),아틸리싸이(N),"<[2010,2010];>"
이루어지(P),이루어지(P),"<[2010,2010];>"
어머어(N),어머어(N),"<[2010,2010];>"
놀라(P),놀라(P),"<[2010,2010];>"
엉덩일(N),엉덩일(N),"<[2010,2010];>"
온몸(N),온몸(N),"<[2010,2010];>"
적시(P),적시(P),"<[2010,2010];>"
주위(N),주위(N),"<[2010,2010];>"
서성거리(P),서성거리(P),"<[2010,2010];>"
집(N),집(N),"<[2010,2010];>"
거(N),거(N),"<[2011,2011];>"
거울(N),거울(N),"<[2011,2011];>"
거품(N),거품(N),"<[2011,2011];>"
커지(P),커지(P),"<[2011,2012];>"
괘(N),괘(N),"<[2011,2011];>"
달려보(P),달려보(P),"<[2011,2011];>"
젓(P),젓(P),"<[2011,2011];>"
만(P),만(P),"<[2011,2011];>"
리(P),리(P),"<[2011,2011];>"
노(N),노(N),"<[2011,2011];>"
춤추(P),춤추(P),"<[2011,2011];>"
부(P),부(P),"<[2011,2011];[2014,2014];>"
찌푸리(P),찌푸리(P),"<[2011,2011];[2017,2017];>"
라랄라(N),라랄라(N),"<[2011,2011];[2018,2018];>"
랄(N),랄(N),"<[2011,2011];>"
어떻(P),어떻(P),"<[2011,2011];>"
타오르(P),타오르(P),"<[2011,2011];>"
볼륨(N),볼륨(N),"<[2011,2011];>"
비바람(N),비바람(N),"<[2011,2011];>"
사이(N),사이(N),"<[2011,2011];[2016,2016];>"
삶(N),삶(N),"<[2011,2011];>"
손목(N),손목(N),"<[2011,2011];>"
끌(P),끌(P),"<[2011,2011];>"
슈비두바(N),슈비두바(N),"<[2011,2011];>"
빠빠쁘(P),빠빠쁘(P),"<[2011,2011];>"
아메리카(N),아메리카(N),"<[2011,2011];>"
얼음(N),얼음(N),"<[2011,2011];>"
여행(N),여행(N),"<[2011,2011];[2018,2018];>"
와(N),와(N),"<[2011,2011];[2017,2017];>"
끌리(P),끌리(P),"<[2011,2011];>"
이유(N),이유(N),"<[2011,2011];[2013,2013];[2019,2019];>"
편하(P),편하(P),"<[2011,2011];>"
재(N),재(N),"<[2011,2011];>"
재수(N),재수(N),"<[2011,2011];>"
가까이(N),가까이(N),"<[2012,2012];>"
각(N),각(N),"<[2012,2012];>"
생(P),생(P),"<[2012,2012];>"
울리(P),울리(P),"<[2012,2012];>"
퍼지(P),퍼지(P),"<[2012,2012];>"
들리(P),들리(P),"<[2012,2012];>"
노력(N),노력(N),"<[2012,2012];>"
마르(P),마르(P),"<[2012,2012];>"
뜨거(N),뜨거(N),"<[2012,2012];>"
립스틱(N),립스틱(N),"<[2012,2012];>"
세우(P),세우(P),"<[2012,2012];>"
뺏(P),뺏(P),"<[2012,2012];>"
낮(P),낮(P),"<[2012,2012];>"
문자(N),문자(N),"<[2012,2013];>"
벚꽃(N),벚꽃(N),"<[2012,2012];[2014,2014];>"
흩날리(P),흩날리(P),"<[2012,2012];>"
베일(N),베일(N),"<[2012,2012];>"
싸이(P),싸이(P),"<[2012,2012];>"
봄(N),봄(N),"<[2012,2014];[2019,2019];>"
봄바람(N),봄바람(N),"<[2012,2012];>"
휘날리(P),휘날리(P),"<[2012,2012];>"
그치(P),그치(P),"<[2012,2012];>"
떠오르(P),떠오르(P),"<[2012,2012];[2016,2016];>"
술담배(N),술담배(N),"<[2012,2012];>"
끊(P),끊(P),"<[2012,2012];>"
스틱(N),스틱(N),"<[2012,2012];>"
찌르(P),찌르(P),"<[2012,2012];>"
어머어머(N),어머어머(N),"<[2012,2012];>"
묻히(P),묻히(P),"<[2012,2012];>"
잎(N),잎(N),"<[2012,2012];>"
적금(N),적금(N),"<[2012,2012];>"
쪼개(P),쪼개(P),"<[2012,2012];>"
늦(P),늦(P),"<[2012,2012];>"
주머닐(N),주머닐(N),"<[2012,2012];>"
털(P),털(P),"<[2012,2012];>"
진심(N),진심(N),"<[2012,2013];[2018,2018];>"
향기(N),향기(N),"<[2012,2012];[2017,2017];>"
혼(N),혼(N),"<[2012,2012];>"
치리(P),치리(P),"<[2013,2013];>"
댈(N),댈(N),"<[2013,2013];>"
동(N),동(N),"<[2013,2013];>"
바쁘(P),바쁘(P),"<[2013,2013];>"
랩(N),랩(N),"<[2013,2013];[2015,2015];>"
마디(N),마디(N),"<[2013,2013];>"
나오(P),나오(P),"<[2013,2013];[2019,2019];>"
가져가(P),가져가(P),"<[2013,2013];>"
말리(P),말리(P),"<[2013,2013];>"
생기(P),생기(P),"<[2013,2013];>"
벽(N),벽(N),"<[2013,2013];>"
뚫(P),뚫(P),"<[2013,2013];>"
자라나(P),자라나(P),"<[2013,2013];>"
새빨갛(P),새빨갛(P),"<[2013,2013];>"
상관(N),상관(N),"<[2013,2013];>"
잡히(P),잡히(P),"<[2013,2013];>"
숟가락(N),숟가락(N),"<[2013,2013];>"
멎(P),멎(P),"<[2013,2013];>"
알(N),알(N),"<[2013,2013];>"
랑가모르(P),랑가모르(P),"<[2013,2013];>"
열(N),열(N),"<[2013,2013];>"
요즘(N),요즘(N),"<[2013,2013];[2017,2017];>"
워워(P),워워(P),"<[2013,2013];>"
원래(N),원래(N),"<[2013,2013];>"
점핑(N),점핑(N),"<[2013,2013];>"
치마(N),치마(N),"<[2013,2014];>"
콩떡(N),콩떡(N),"<[2013,2013];>"
엉(P),엉(P),"<[2013,2013];>"
호옹(N),호옹(N),"<[2013,2013];>"
고백(N),고백(N),"<[2014,2014];>"
거닐(P),거닐(P),"<[2014,2014];>"
깨(P),깨(P),"<[2014,2014];[2017,2017];>"
끼(N),끼(N),"<[2014,2014];>"
날씨(N),날씨(N),"<[2014,2014];>"
내꺼(N),내꺼(N),"<[2014,2014];>"
녹(N),녹(N),"<[2014,2014];>"
녹(P),녹(P),"<[2014,2014];>"
고이(P),고이(P),"<[2014,2014];>"
니꺼(N),니꺼(N),"<[2014,2014];>"
단발머리(N),단발머리(N),"<[2014,2014];>"
딜(N),딜(N),"<[2014,2014];>"
견(P),견(P),"<[2014,2014];>"
떡볶이(N),떡볶이(N),"<[2014,2014];>"
맵(P),맵(P),"<[2014,2014];>"
라라라(N),라라라(N),"<[2014,2014];>"
랄라랄(N),랄라랄(N),"<[2014,2014];>"
랄랄라(N),랄랄라(N),"<[2014,2014];>"
손대(P),손대(P),"<[2014,2014];>"
건네(P),건네(P),"<[2014,2014];>"
명수(N),명수(N),"<[2014,2014];>"
비치(P),비치(P),"<[2014,2014];>"
환하(P),환하(P),"<[2014,2014];>"
보(N),보(N),"<[2014,2014];[2017,2017];>"
보름달(N),보름달(N),"<[2014,2014];>"
자라(P),자라(P),"<[2014,2014];>"
밟(P),밟(P),"<[2014,2014];>"
빌(P),빌(P),"<[2014,2014];[2016,2016];>"
창(N),창(N),"<[2014,2014];>"
티(N),티(N),"<[2014,2014];>"
팝(N),팝(N),"<[2014,2014];>"
기대(N),기대(N),"<[2015,2015];>"
끝장(N),끝장(N),"<[2015,2015];>"
쩔(P),쩔(P),"<[2015,2015];>"
벌(P),벌(P),"<[2015,2015];[2019,2019];>"
다운(N),다운(N),"<[2015,2015];>"
답(P),답(P),"<[2015,2015];>"
다음(N),다음(N),"<[2015,2015];>"
답(N),답(N),"<[2015,2015];>"
식(P),식(P),"<[2015,2015];>"
흔들리(P),흔들리(P),"<[2015,2015];>"
몰(N),몰(N),"<[2015,2015];>"
바가지(N),바가지(N),"<[2015,2015];>"
반(N),반(N),"<[2015,2015];>"
비잉(N),비잉(N),"<[2015,2015];>"
돌아가(P),돌아가(P),"<[2015,2015];>"
걸어가(P),걸어가(P),"<[2015,2015];>"
스타일(N),스타일(N),"<[2015,2015];>"
싸가지(N),싸가지(N),"<[2015,2015];>"
쐐(N),쐐(N),"<[2015,2015];>"
아가씨(N),아가씨(N),"<[2015,2015];>"
여우(N),여우(N),"<[2015,2015];>"
홀리(P),홀리(P),"<[2015,2015];>"
오빠(N),오빠(N),"<[2015,2015];>"
데리(P),데리(P),"<[2015,2015];>"
뽑(P),뽑(P),"<[2015,2015];>"
잔(N),잔(N),"<[2015,2015];[2019,2019];>"
정(N),정(N),"<[2015,2015];>"
짓(N),짓(N),"<[2015,2015];>"
가짜(N),가짜(N),"<[2016,2016];>"
결국(N),결국(N),"<[2016,2016];>"
떨어지(P),떨어지(P),"<[2016,2016];>"
꽃잎(N),꽃잎(N),"<[2016,2016];>"
저쩌(P),저쩌(P),"<[2016,2016];>"
로맨스(N),로맨스(N),"<[2016,2016];>"
잊어버리(P),잊어버리(P),"<[2016,2016];>"
태우(P),태우(P),"<[2016,2016];>"
빠라바(N),빠라바(N),"<[2016,2016];>"
건너(P),건너(P),"<[2016,2016];>"
사치(N),사치(N),"<[2016,2016];>"
거칠(P),거칠(P),"<[2016,2016];>"
던지(P),던지(P),"<[2016,2016];>"
시계(N),시계(N),"<[2016,2016];>"
우주(N),우주(N),"<[2016,2016];>"
커피(N),커피(N),"<[2016,2016];>"
상관없(P),상관없(P),"<[2016,2016];>"
가(N),가(N),"<[2017,2017];>"
커다랗(P),커다랗(P),"<[2017,2017];>"
덕분(N),덕분(N),"<[2017,2017];>"
별도(N),별도(N),"<[2017,2017];>"
빠(N),빠(N),"<[2017,2017];>"
뿜(P),뿜(P),"<[2017,2017];>"
빠이빠이빠(N),빠이빠이빠(N),"<[2017,2017];>"
뿜빠(N),뿜빠(N),"<[2017,2017];>"
선물(N),선물(N),"<[2017,2017];>"
여름(N),여름(N),"<[2017,2019];>"
오오오(N),오오오(N),"<[2017,2017];>"
옷(N),옷(N),"<[2017,2017];>"
꼬라(P),꼬라(P),"<[2017,2017];>"
운명(N),운명(N),"<[2017,2017];>"
찾아내(P),찾아내(P),"<[2017,2017];>"
주인공(N),주인공(N),"<[2017,2017];>"
나이(P),나이(P),"<[2017,2017];>"
덥(P),덥(P),"<[2018,2018];>"
춥(P),춥(P),"<[2018,2018];>"
놀(P),놀(P),"<[2018,2018];>"
발끝(N),발끝(N),"<[2018,2018];>"
뿜뿜(P),뿜뿜(P),"<[2018,2018];>"
발자국(N),발자국(N),"<[2018,2018];>"
셀테(N),셀테(N),"<[2018,2018];>"
넘어오(P),넘어오(P),"<[2018,2018];>"
솔(N),솔(N),"<[2018,2018];>"
엉덩이(N),엉덩이(N),"<[2018,2018];>"
영수증(N),영수증(N),"<[2018,2018];>"
챙기(P),챙기(P),"<[2018,2018];>"
오랜만(N),오랜만(N),"<[2018,2018];>"
이야기(N),이야기(N),"<[2018,2018];>"
존심(N),존심(N),"<[2018,2018];>"
준비(N),준비(N),"<[2018,2018];>"
퍼(N),퍼(N),"<[2018,2018];>"
슬(P),슬(P),"<[2018,2018];>"
맛(N),맛(N),"<[2019,2019];>"
갑(P),갑(P),"<[2019,2019];>"
띵하(P),띵하(P),"<[2019,2019];>"
멜로(N),멜로(N),"<[2019,2019];>"
배(N),배(N),"<[2019,2019];>"
사랑이(N),사랑이(N),"<[2019,2019];>"
심청(N),심청(N),"<[2019,2019];>"
가녀리(P),가녀리(P),"<[2019,2019];>"
다르(P),다르(P),"<[2019,2019];>"
연락(N),연락(N),"<[2019,2019];>"
클럽(N),클럽(N),"<[2019,2019];>"
폭죽(N),폭죽(N),"<[2019,2019];>"
터트리(P),터트리(P),"<[2019,2019];>"
